CREATE DATABASE ORG;
SHOW DATABASES;
USE ORG;
CREATE TABLE Worker (
	WORKER_ID INT NOT NULL PRIMARY KEY AUTO_INCREMENT,
	FIRST_NAME CHAR(25),
	LAST_NAME CHAR(25),
	SALARY INT(15),
	JOINING_DATE DATETIME,
	DEPARTMENT CHAR(25)
);

INSERT INTO Worker 
	(WORKER_ID, FIRST_NAME, LAST_NAME, SALARY, JOINING_DATE, DEPARTMENT) VALUES
		(001, "Monika", "Arora", 100000, "21-02-20 09.00.00", "HR"),
		(002, "Niharika", "Verma", 80000, "21-06-11 09.00.00", "Admin"),
		(003, "Vishal", "Singhal", 300000, "21-02-20 09.00.00", "HR"),
		(004, "Amitabh", "Singh", 500000, "21-02-20 09.00.00", "Admin"),
		(005, "Vivek", "Bhati", 500000, "21-06-11 09.00.00", "Admin"),
		(006, "Vipul", "Diwan", 200000, "21-06-11 09.00.00", "Account"),
		(007, "Satish", "Kumar", 75000, "21-01-20 09.00.00", "Account"),
		(008, "Geetika", "Chauhan", 90000, "21-04-11 09.00.00", "Admin");

CREATE TABLE Bonus (
	WORKER_REF_ID INT,
	BONUS_AMOUNT INT(10),
	BONUS_DATE DATETIME,
	FOREIGN KEY (WORKER_REF_ID)
		REFERENCES Worker(WORKER_ID)
        ON DELETE CASCADE
);

INSERT INTO Bonus 
	(WORKER_REF_ID, BONUS_AMOUNT, BONUS_DATE) VALUES
		(001, 5000, '23-02-20'),
		(002, 3000, '23-06-11'),
		(003, 4000, '23-02-20'),
		(001, 4500, '23-02-20'),
		(002, 3500, '23-06-11');


CREATE TABLE Title (
	WORKER_REF_ID INT,
	WORKER_TITLE CHAR(25),
	AFFECTED_FROM DATETIME,
	FOREIGN KEY (WORKER_REF_ID)
		REFERENCES Worker(WORKER_ID)
        ON DELETE CASCADE
);

INSERT INTO Title 
	(WORKER_REF_ID, WORKER_TITLE, AFFECTED_FROM) VALUES
 (001, 'Manager', '2023-02-20 00:00:00'),
 (002, 'Executive', '2023-06-11 00:00:00'),
 (008, 'Executive', '2023-06-11 00:00:00'),
 (005, 'Manager', '2023-06-11 00:00:00'),
 (004, 'Asst. Manager', '2023-06-11 00:00:00'),
 (007, 'Executive', '2023-06-11 00:00:00'),
 (006, 'Lead', '2023-06-11 00:00:00'),
 (003, 'Lead', '2023-06-11 00:00:00');
 
 
SELECT FIRST_NAME FROM Worker
ORDER BY FIRST_NAME ASC;

SELECT * FROM Worker;

SELECT UPPER(FIRST_NAME) FROM Worker;
SELECT LOWER(FIRST_NAME) FROM Worker;
SELECT COUNT(FIRST_NAME) FROM Worker;
SELECT MAX(FIRST_NAME) FROM Worker;
SELECT MIN(FIRST_NAME) FROM Worker;

SELECT DISTINCT DEPARTMENT FROM Worker;

SELECT SUBSTRING(FIRST_NAME,1,3) FROM Worker;

SELECT INSTR(FIRST_NAME, BINARY'a') FROM Worker 
WHERE FIRST_NAME = 'Amitabh';

SELECT RTRIM(FIRST_NAME) FROM Worker;

SELECT LTRIM(DEPARTMENT) FROM Worker;
SELECT DISTINCT LENGTH(DEPARTMENT) FROM Worker;

SELECT REPLACE(FIRST_NAME,'a','A') FROM Worker;

SELECT CONCAT(FIRST_NAME,' ', LAST_NAME) as COMPLETE_NAME FROM Worker;

SELECT * FROM Worker
ORDER BY FIRST_NAME ASC;

SELECT * FROM Worker
ORDER BY FIRST_NAME ASC,DEPARTMENT DESC;

SELECT * FROM Worker
WHERE FIRST_NAME IN("Vipul","Satish");

SELECT * FROM Worker
WHERE FIRST_NAME NOT IN("Vipul","Satish");

SELECT DEPARTMENT AS Admin FROM Worker;
Select * from Worker where DEPARTMENT like 'Admin%';

SELECT * FROM Worker
WHERE FIRST_NAME like '%a%';

SELECT * FROM Worker
WHERE FIRST_NAME LIKE '_____h';

SELECT * FROM Worker
WHERE SALARY BETWEEN 100000 AND 5000000;

SELECT * FROM Worker
WHERE JOINING_DATE = "2021-02-20 09:00:00";

SELECT COUNT(DEPARTMENT) FROM Worker
WHERE DEPARTMENT = "Admin";

SELECT * FROM Worker
WHERE SALARY BETWEEN 50000 AND 100000;

SELECT DEPARTMENT, count(WORKER_ID) No_Of_Workers 
FROM worker 
GROUP BY DEPARTMENT 
ORDER BY No_Of_Workers DESC;

SELECT * FROM Worker
INNER JOIN Title
ON Worker.WORKER_ID = Title.WORKER_REF_ID
AND Title.WORKER_REF_ID IN('Manager');


SELECT COUNT(DEPARTMENT), DEPARTMENT FROM Worker
GROUP BY DEPARTMENT
ORDER BY DEPARTMENT ASC;

SELECT * FROM Worker
WHERE MOD(WORKER_ID, 2) <> 0;

SELECT * FROM Worker
WHERE MOD(WORKER_ID, 2) = 0;

SELECT * INTO WorkerCLONE FROM Worker;
CREATE TABLE WorkerCLONE2 LIKE Worker;

SELECT DEPARTMENT, COUNT(DEPARTMENT) FROM Worker
GROUP BY DEPARTMENT
HAVING COUNT(DEPARTMENT)<5;

SELECT DEPARTMENT, FIRST_NAME, SALARY FROM Worker;

CREATE DATABASE School;




